sample,n,timing_iterations,threads_per_block,average_us
1,10,1000,256,1.36659205
1,100,1000,256,1.39955199
1,1000,1000,256,1.38444805
1,10000,1000,256,1.640288
1,20000,1000,256,2.1022079
1,30000,1000,256,2.47497606
1,40000,1000,256,2.82828808
1,50000,1000,256,3.15084791
1,60000,1000,256,3.50003195
1,70000,1000,256,4.05801582
1,80000,1000,256,4.24755192
1,90000,1000,256,7.68102407
1,100000,1000,256,12.9402866
2,10,1000,256,1.34790397
2,100,1000,256,1.38025606
2,1000,1000,256,1.34348798
2,10000,1000,256,1.46483195
2,20000,1000,256,1.88108802
2,30000,1000,256,2.22003198
2,40000,1000,256,2.69616008
2,50000,1000,256,2.86159992
2,60000,1000,256,3.16179204
2,70000,1000,256,3.46316791
2,80000,1000,256,3.76832008
2,90000,1000,256,7.48031998
2,100000,1000,256,13.1102724
3,10,1000,256,1.36435199
3,100,1000,256,1.34438396
3,1000,1000,256,1.38444805
3,10000,1000,256,1.42848003
3,20000,1000,256,1.88723195
3,30000,1000,256,2.22207999
3,40000,1000,256,2.58614397
3,50000,1000,256,2.91289592
3,60000,1000,256,3.12729597
3,70000,1000,256,3.45804811
3,80000,1000,256,3.80927992
3,90000,1000,256,7.47724819
3,100000,1000,256,12.9504642
4,10,1000,256,1.34860802
4,100,1000,256,1.34348798
4,1000,1000,256,1.314816
4,10000,1000,256,1.43871999
4,20000,1000,256,1.87084794
4,30000,1000,256,2.20016003
4,40000,1000,256,2.67225599
4,50000,1000,256,2.87846398
4,60000,1000,256,3.12831998
4,70000,1000,256,3.46828794
4,80000,1000,256,3.79084802
4,90000,1000,256,7.47110415
4,100000,1000,256,13.021184
5,10,1000,256,1.32012796
5,100,1000,256,1.31065595
5,1000,1000,256,1.32505596
5,10000,1000,256,1.43359995
5,20000,1000,256,1.86559999
5,30000,1000,256,2.18617606
5,40000,1000,256,2.51584005
5,50000,1000,256,2.83340812
5,60000,1000,256,3.22150397
5,70000,1000,256,3.5072
5,80000,1000,256,3.86252809
5,90000,1000,256,7.5284481
5,100000,1000,256,12.9227524
6,10,1000,256,1.31612802
6,100,1000,256,1.32908797
6,1000,1000,256,1.31539202
6,10000,1000,256,1.40249598
6,20000,1000,256,1.84092796
6,30000,1000,256,2.17702389
6,40000,1000,256,2.57814407
6,50000,1000,256,2.88966393
6,60000,1000,256,3.10374403
6,70000,1000,256,3.44038367
6,80000,1000,256,3.76115203
6,90000,1000,256,7.47212791
6,100000,1000,256,13.0030403
7,10,1000,256,1.41619205
7,100,1000,256,1.35475194
7,1000,1000,256,1.36499202
7,10000,1000,256,1.47558403
7,20000,1000,256,1.95481598
7,30000,1000,256,2.246176
7,40000,1000,256,2.64703989
7,50000,1000,256,2.9234879
7,60000,1000,256,3.13036799
7,70000,1000,256,3.462816
7,80000,1000,256,3.73350406
7,90000,1000,256,7.5089922
7,100000,1000,256,12.9808969
8,10,1000,256,1.38137603
8,100,1000,256,1.342592
8,1000,1000,256,1.37728
8,10000,1000,256,1.41791999
8,20000,1000,256,1.87699199
8,30000,1000,256,2.18473601
8,40000,1000,256,2.71769595
8,50000,1000,256,2.82112002
8,60000,1000,256,3.19283199
8,70000,1000,256,3.43727994
8,80000,1000,256,3.73760009
8,90000,1000,256,7.47379208
8,100000,1000,256,12.9361916
9,10,1000,256,1.38652813
9,100,1000,256,1.38444805
9,1000,1000,256,1.366624
9,10000,1000,256,1.44588804
9,20000,1000,256,1.86777604
9,30000,1000,256,2.17292809
9,40000,1000,256,2.61091208
9,50000,1000,256,2.92300797
9,60000,1000,256,3.14060807
9,70000,1000,256,3.40374398
9,80000,1000,256,3.72838402
9,90000,1000,256,7.44960022
9,100000,1000,256,12.9249277
10,10,1000,256,1.35084796
10,100,1000,256,1.38556802
10,1000,1000,256,1.35139203
10,10000,1000,256,1.47251201
10,20000,1000,256,1.88160002
10,30000,1000,256,2.18009591
10,40000,1000,256,2.609056
10,50000,1000,256,2.8671999
10,60000,1000,256,3.10579205
10,70000,1000,256,3.47311997
10,80000,1000,256,3.82259202
10,90000,1000,256,7.46777582
10,100000,1000,256,13.0334721
11,10,1000,256,1.314592
11,100,1000,256,1.31235194
11,1000,1000,256,1.32511997
11,10000,1000,256,1.39948797
11,20000,1000,256,1.83791995
11,30000,1000,256,2.17043209
11,40000,1000,256,2.64908791
11,50000,1000,256,2.89071989
11,60000,1000,256,3.098176
11,70000,1000,256,3.42937589
11,80000,1000,256,3.76627207
11,90000,1000,256,7.46032
11,100000,1000,256,12.9759684
12,10,1000,256,1.35372806
12,100,1000,256,1.34143996
12,1000,1000,256,1.35987198
12,10000,1000,256,1.424384
12,20000,1000,256,1.88780797
12,30000,1000,256,2.21564794
12,40000,1000,256,2.66208005
12,50000,1000,256,2.86569595
12,60000,1000,256,3.11273599
12,70000,1000,256,3.44249606
12,80000,1000,256,3.78646398
12,90000,1000,256,7.4480958
12,100000,1000,256,12.9597445
13,10,1000,256,1.35356796
13,100,1000,256,1.38787198
13,1000,1000,256,1.35065603
13,10000,1000,256,1.43667197
13,20000,1000,256,1.86451197
13,30000,1000,256,2.18783998
13,40000,1000,256,2.59744
13,50000,1000,256,2.8364799
13,60000,1000,256,3.12275195
13,70000,1000,256,3.43756795
13,80000,1000,256,3.75910401
13,90000,1000,256,7.43932819
13,100000,1000,256,12.8829441
14,10,1000,256,1.34742403
14,100,1000,256,1.37993598
14,1000,1000,256,1.35699201
14,10000,1000,256,1.46588802
14,20000,1000,256,1.88774395
14,30000,1000,256,2.22569609
14,40000,1000,256,2.64995193
14,50000,1000,256,2.8628161
14,60000,1000,256,3.11705589
14,70000,1000,256,3.49491191
14,80000,1000,256,3.76627207
14,90000,1000,256,7.46086407
14,100000,1000,256,12.9495039
15,10,1000,256,1.34905601
15,100,1000,256,1.378304
15,1000,1000,256,1.34342396
15,10000,1000,256,1.41721594
15,20000,1000,256,1.86982405
15,30000,1000,256,2.16121602
15,40000,1000,256,2.62608004
15,50000,1000,256,2.81702399
15,60000,1000,256,3.13856006
15,70000,1000,256,3.40153599
15,80000,1000,256,3.76422405
15,90000,1000,256,7.50591993
15,100000,1000,256,12.9290237
16,10,1000,256,1.41705596
16,100,1000,256,1.39225602
16,1000,1000,256,1.42745602
16,10000,1000,256,1.43359995
16,20000,1000,256,1.88211203
16,30000,1000,256,2.20329595
16,40000,1000,256,2.62143993
16,50000,1000,256,2.98649621
16,60000,1000,256,3.2071681
16,70000,1000,256,3.40582395
16,80000,1000,256,3.7386241
16,90000,1000,256,7.48195219
16,100000,1000,256,12.9463682
17,10,1000,256,1.34684801
17,100,1000,256,1.37891197
17,1000,1000,256,1.34528005
17,10000,1000,256,1.46329606
17,20000,1000,256,1.89494395
17,30000,1000,256,2.22777605
17,40000,1000,256,2.55260801
17,50000,1000,256,2.87334394
17,60000,1000,256,3.1692481
17,70000,1000,256,3.42601609
17,80000,1000,256,3.733248
17,90000,1000,256,7.49225616
17,100000,1000,256,12.8645124
18,10,1000,256,1.40492797
18,100,1000,256,1.34860802
18,1000,1000,256,1.37980795
18,10000,1000,256,1.42304003
18,20000,1000,256,1.84012794
18,30000,1000,256,2.17452788
18,40000,1000,256,2.61286402
18,50000,1000,256,2.89344001
18,60000,1000,256,3.15187192
18,70000,1000,256,3.42528009
18,80000,1000,256,3.75910401
18,90000,1000,256,7.50489616
18,100000,1000,256,12.8889599
19,10,1000,256,1.36688006
19,100,1000,256,1.38326395
19,1000,1000,256,1.34758401
19,10000,1000,256,1.48847997
19,20000,1000,256,1.88515198
19,30000,1000,256,2.28198409
19,40000,1000,256,2.67059207
19,50000,1000,256,2.88006401
19,60000,1000,256,3.13241601
19,70000,1000,256,3.42822409
19,80000,1000,256,3.75910401
19,90000,1000,256,7.4339838
19,100000,1000,256,13.0365438
20,10,1000,256,1.37212801
20,100,1000,256,1.41929603
20,1000,1000,256,1.39673603
20,10000,1000,256,1.43052804
20,20000,1000,256,1.86163199
20,30000,1000,256,2.22153592
20,40000,1000,256,2.65091205
20,50000,1000,256,2.88752007
20,60000,1000,256,3.131392
20,70000,1000,256,3.41059208
20,80000,1000,256,3.72838402
20,90000,1000,256,7.46700811
20,100000,1000,256,12.8952322
21,10,1000,256,1.36476803
21,100,1000,256,1.41388798
21,1000,1000,256,1.37804794
21,10000,1000,256,1.41593599
21,20000,1000,256,1.924896
21,30000,1000,256,2.22771192
21,40000,1000,256,2.6620481
21,50000,1000,256,2.82214403
21,60000,1000,256,3.10988808
21,70000,1000,256,3.40556788
21,80000,1000,256,3.7396481
21,90000,1000,256,7.49129581
21,100000,1000,256,12.984128
22,10,1000,256,1.34451199
22,100,1000,256,1.30550396
22,1000,1000,256,1.31100798
22,10000,1000,256,1.40083206
22,20000,1000,256,1.84006405
22,30000,1000,256,2.17497611
22,40000,1000,256,2.59782434
22,50000,1000,256,2.83340812
22,60000,1000,256,3.10227203
22,70000,1000,256,3.4281919
22,80000,1000,256,3.76204801
22,90000,1000,256,7.47212791
22,100000,1000,256,12.9382076
23,10,1000,256,1.41004801
23,100,1000,256,1.34143996
23,1000,1000,256,1.35577595
23,10000,1000,256,1.45891201
23,20000,1000,256,1.86163199
23,30000,1000,256,2.16835189
23,40000,1000,256,2.62099195
23,50000,1000,256,2.84057593
23,60000,1000,256,3.12099195
23,70000,1000,256,3.43830395
23,80000,1000,256,3.75910401
23,90000,1000,256,7.46598387
23,100000,1000,256,12.9863682
24,10,1000,256,1.38035202
24,100,1000,256,1.44793606
24,1000,1000,256,1.36777604
24,10000,1000,256,1.42028797
24,20000,1000,256,1.91343999
24,30000,1000,256,2.24207997
24,40000,1000,256,2.65727997
24,50000,1000,256,2.82681608
24,60000,1000,256,3.09939194
24,70000,1000,256,3.41398406
24,80000,1000,256,3.74959993
24,90000,1000,256,7.452672
24,100000,1000,256,13.0058241
25,10,1000,256,1.36291206
25,100,1000,256,1.39635205
25,1000,1000,256,1.37215996
25,10000,1000,256,1.47529602
25,20000,1000,256,1.92307198
25,30000,1000,256,2.24009609
25,40000,1000,256,2.73203206
25,50000,1000,256,2.82300806
25,60000,1000,256,3.13036799
25,70000,1000,256,3.45049596
25,80000,1000,256,3.78028798
25,90000,1000,256,7.45062399
25,100000,1000,256,13.0180798
26,10,1000,256,1.34572804
26,100,1000,256,1.37932801
26,1000,1000,256,1.34547198
26,10000,1000,256,1.48172796
26,20000,1000,256,1.89542401
26,30000,1000,256,2.22876811
26,40000,1000,256,2.65491199
26,50000,1000,256,2.93990397
26,60000,1000,256,3.09862399
26,70000,1000,256,3.41500807
26,80000,1000,256,3.74988794
26,90000,1000,256,7.47827196
26,100000,1000,256,12.925952
27,10,1000,256,1.38086402
27,100,1000,256,1.34403205
27,1000,1000,256,1.38620806
27,10000,1000,256,1.46096003
27,20000,1000,256,1.89644802
27,30000,1000,256,2.24051189
27,40000,1000,256,2.72076797
27,50000,1000,256,2.80166411
27,60000,1000,256,3.13036799
27,70000,1000,256,3.45190406
27,80000,1000,256,3.73248005
27,90000,1000,256,7.54687977
27,100000,1000,256,12.9782076
28,10,1000,256,1.34966397
28,100,1000,256,1.37625599
28,1000,1000,256,1.34067202
28,10000,1000,256,1.42540801
28,20000,1000,256,1.87344003
28,30000,1000,256,2.16780806
28,40000,1000,256,2.70192003
28,50000,1000,256,2.8938241
28,60000,1000,256,3.17747211
28,70000,1000,256,3.43244791
28,80000,1000,256,3.7386241
28,90000,1000,256,7.48543978
28,100000,1000,256,12.92976
29,10,1000,256,1.40799999
29,100,1000,256,1.34102404
29,1000,1000,256,1.39727998
29,10000,1000,256,1.42607999
29,20000,1000,256,1.88108802
29,30000,1000,256,2.20009589
29,40000,1000,256,2.66444802
29,50000,1000,256,2.81497598
29,60000,1000,256,3.10681605
29,70000,1000,256,3.43616009
29,80000,1000,256,3.772192
29,90000,1000,256,7.4971838
29,100000,1000,256,13.028224
30,10,1000,256,1.36806405
30,100,1000,256,1.34374404
30,1000,1000,256,1.34640002
30,10000,1000,256,1.41414404
30,20000,1000,256,1.85958397
30,30000,1000,256,2.16576004
30,40000,1000,256,2.61529589
30,50000,1000,256,2.82364798
30,60000,1000,256,3.10988808
30,70000,1000,256,3.42499208
30,80000,1000,256,3.73747206
30,90000,1000,256,7.46447992
30,100000,1000,256,12.9484158
