threads_per_block,samples,mean_us,median_us,std_us
32,30,1.3793397353333334,1.35943681,0.0666349190525407
64,30,1.3115353466666666,1.2860943699999998,0.06347511144299373
96,30,1.2966571763333334,1.27806401,0.08336808097971452
128,30,1.2903362156666667,1.2750399749999999,0.04644624109609121
160,30,1.2924248453333333,1.285760045,0.03847001175833293
192,30,1.2855973233333333,1.27033597,0.046918330426628
224,30,1.2819292783333334,1.26762402,0.03754677617702265
256,30,1.2920821346666667,1.2898287800000001,0.04425932857301958
288,30,1.2936629406666666,1.275160015,0.050280792537468325
320,30,1.2906902386666668,1.27651846,0.04752322867853882
352,30,1.2816826616666668,1.2753824,0.04163914284421346
384,30,1.2966823536666667,1.290351985,0.04717839623374368
416,30,1.295187211,1.2777391699999998,0.05124865127835668
448,30,1.299147423,1.28141284,0.06579138511175046
480,30,1.2830536483333332,1.273595275,0.038846518643252004
512,30,1.2895917893333333,1.270689665,0.04598993035734753
544,30,1.290452493,1.2780288450000001,0.05097655043373705
576,30,1.299852256,1.2744111999999999,0.05993894774126344
608,30,1.2888086283333333,1.270667195,0.05074650578156662
640,30,1.286520112,1.27384162,0.03907002363500219
672,30,1.284236697,1.276262405,0.03352759787867087
704,30,1.295326182,1.27528483,0.055778795624909054
736,30,1.2801319396666666,1.26574075,0.046687593781564986
768,30,1.2904314603333333,1.281819225,0.05534714620031714
800,30,1.285560532,1.26877761,0.05658680037508376
832,30,1.2848269786666666,1.270196795,0.050016293380223655
864,30,1.283621232,1.2686528,0.049003064588744996
896,30,1.2803046313333333,1.269289555,0.047135655204449886
928,30,1.288515425,1.27833921,0.049497627755920884
960,30,1.2835306723333333,1.2762639550000001,0.04442500416886617
992,30,1.283460491,1.273148835,0.04607102811382018
1024,30,1.286221,1.282281575,0.044966998100734824
