n,threads_per_block,timing_iterations,mean_us,std_us,samples
100000,32,1000,16.513026113333332,0.08814795988205372,30
100000,64,1000,13.172241083333333,0.04549357546932858,30
100000,96,1000,13.00481055,0.038105575222194564,30
100000,128,1000,13.04643305,0.08779175568829312,30
100000,160,1000,13.066909886666666,0.13199646101207768,30
100000,192,1000,13.14110934,0.08290873257074911,30
100000,224,1000,13.06852476,0.11220609966306493,30
100000,256,1000,12.892667683333334,0.10226473450862396,30
100000,288,1000,13.15468041,0.05312529844842315,30
100000,320,1000,13.18767786,0.08273040633788009,30
100000,352,1000,13.21388572,0.05499334547538225,30
100000,384,1000,13.27059416,0.05389788934039421,30
100000,416,1000,13.21624111,0.05304624082313251,30
100000,448,1000,13.30370235,0.04909305934421899,30
100000,480,1000,13.236615536666667,0.05013554847300061,30
100000,512,1000,13.05998824,0.054063582092949515,30
100000,544,1000,13.319056036666668,0.05573580670183029,30
100000,576,1000,13.256230356666666,0.03992182379056092,30
100000,608,1000,13.35581865,0.07723855832466209,30
100000,640,1000,13.27596789,0.059038425803576336,30
100000,672,1000,13.23650134,0.05688604459792374,30
100000,704,1000,13.535426136666667,0.06902067233052894,30
100000,736,1000,13.423937226666666,0.05835256112085743,30
100000,768,1000,13.381293896666667,0.07017610534163077,30
100000,800,1000,13.404456483333334,0.0687606661563792,30
100000,832,1000,13.363685446666667,0.07290001886731567,30
100000,864,1000,13.48518833,0.08626012868511045,30
100000,896,1000,13.283789863333332,0.052694715009051395,30
100000,928,1000,13.460331796666667,0.07359226855683297,30
100000,960,1000,13.28248746,0.04677871841136062,30
100000,992,1000,13.28728106,0.05902413796830157,30
100000,1024,1000,13.341459243333333,0.05419482449610119,30
